[
  {
    "id": "01",
    "question": "Which of the following is the correct name of React.js?",
    "options": ["React", "React.js", "ReactJS", "All of the above"],
    "answer": "All of the above"
  },
  {
    "id": "02",
    "question": "Which of the following are the advantages of React.js?",
    "options": [
      "React.js can increase the application's performance with Virtual DOM.",
      "React.js is easy to integrate with other frameworks such as Angular, BackboneJS since it is only a view library.",
      "React.js can render both on client and server side.",
      "All of the above"
    ],
    "answer": "All of the above"
  },
  {
    "id": "03",
    "question": "Which of the following is not a disadvantage of React.js?",
    "options": [
      "React.js has only a view layer. We have put your code for Ajax requests, events and so on.",
      "The library of React.js is pretty large.",
      "The JSX in React.js makes code easy to read and write.",
      "The learning curve can be steep in React.js."
    ],
    "answer": "The JSX in React.js makes code easy to read and write."
  },
  {
    "id": "04",
    "question": "Which of the following command is used to install create-react-app?",
    "options": [
      "npm install -g create-react-app",
      "npx create-react-app my-app",
      "npm install create-react-app",
      "npm install -f create-react-app"
    ],
    "answer": "npx create-react-app my-app"
  },
  {
    "id": "05",
    "question": "What of the following is used in React.js to increase performance?",
    "options": [
      "Original DOM",
      "Virtual DOM",
      "Both A and B.",
      "None of the above."
    ],
    "answer": "Virtual DOM"
  }
]
